tier,id,source,use_case_family,scenario,task,primary_industry,why
high,IMG-LE-10,Existing 60 (already run in pairs A/B/C),Localised editing / object removal,Attribute-selective removal,image_edit,Ecommerce & Retail,Attribute-selective removal across many small items; weakest scenario in all three pairs (Lite 4.8)
high,IMG-BRAND-04,Existing 60 (already run in pairs A/B/C),Product & brand imagery,Logo geometry on packaging,image_edit,Ecommerce & Retail,"Two-input logo composite at an exact size ratio; Lite arm invalid, Flash 7.2 vs Pro 9.7"
high,IMG-BRAND-05,Existing 60 (already run in pairs A/B/C),Product & brand imagery,Multi-SKU line-up,image_edit,Ecommerce & Retail,"Three references, equal scale, every label legible; no arm above 9.2"
high,IMG-STY-03,Existing 60 (already run in pairs A/B/C),Style transfer,Apply a supplied style reference,image_edit,Gaming,Style from one input onto content of another; only Pro scored well (10 vs 3.0-5.7)
high,IMG-STY-05,Existing 60 (already run in pairs A/B/C),Style transfer,Photo to isometric render,image_edit,Gaming,Photo to isometric with layout held — a geometric reprojection; Flash 3.3
high,IMG-UI-06,Existing 60 (already run in pairs A/B/C),UI mockups & layout,Responsive pair,image_edit,Gaming,"Two reflowed layouts with nothing dropped; Flash and Lite both 6.4, Pro 10"
high,IMG-GAME-03,Gaming character design v4,Concept & ideation,Operator turnaround / model sheet,text_to_image,Gaming,"Four-view turnaround with identical kit and a shared horizon, from text alone"
high,IMG-GAME-05,Gaming character design v4,Concept & ideation,Tactical gear callout sheet,text_to_image,Gaming,Four exact labels plus leader lines that must land on the right parts
high,IMG-GAME-30,Gaming character design v4,Concept & ideation,Skin locked to a named rarity palette,text_to_image,Gaming,"Five-colour palette lock across subject, skin and background — zero stray hues"
high,IMG-GAME-10,Gaming character design v4,Identity & consistency,Combat pose sheet from one reference,image_edit,Gaming,"Four combat poses of a bulky suit with extreme foreshortening, identity held"
high,IMG-GAME-11,Gaming character design v4,Identity & consistency,Turnaround generated from a single front view,image_edit,Gaming,Three unseen views extrapolated from one front view
high,IMG-GAME-12,Gaming character design v4,Identity & consistency,Squad lineup from three separate references,image_edit,Gaming,Three references in one frame with zero feature blending
high,IMG-GAME-35,Gaming character design v4,Identity & consistency,Eight-emote sticker set,image_edit,Gaming,"Eight stickers, identity and outline weight held at small scale"
high,IMG-GAME-38,Gaming character design v4,Identity & consistency,Two operators in a takedown interaction,image_edit,Gaming,Two references in physical contact with correct scale and contact points
high,IMG-GAME-41,Gaming character design v4,Identity & consistency,Gear detail callout sheet,image_edit,Gaming,Full figure plus four magnified details that must agree with it
high,IMG-GAME-42,Gaming character design v4,Identity & consistency,Weapon grip and hand study,image_edit,Gaming,Three close hand-grip studies — five-digit anatomy under scrutiny
high,IMG-GAME-44,Gaming character design v4,Identity & consistency,"Operator, silhouette and lobby icon in one sheet",image_edit,Gaming,"Silhouette must match the character at IoU >0.95, plus a matching icon"
high,IMG-GAME-53,Gaming character design v4,Style & production assets,Third-person animation pose strip,image_edit,Gaming,"Four-frame jog cycle: real foot-contact changes, identical widths and palette"
high,IMG-GAME-56,Gaming character design v4,Style & production assets,Flat-colour sheet with a palette strip,image_edit,Gaming,Flat fills plus an eight-swatch strip that must match the figure's own colours
high,IMG-GAME-49,Gaming character design v4,Variants & progression,Three body types in one loadout,image_edit,Gaming,"Three body types, identical kit, same face on all three"
high,IMG-GAME-50,Gaming character design v4,Variants & progression,Palette-swap enemy family,image_edit,Gaming,Four colourways with geometry identical across panels (pHash <=8)
high,IMG-VIEW-51,Viewing angle v3,People — single and group viewpoints,Head turnaround from a single front view,image_edit,Micro-drama & entertainment,Head turnaround (three views) scored against museum photos
high,IMG-VIEW-53,Viewing angle v3,People — single and group viewpoints,Standing person seen from directly overhead,image_edit,Micro-drama & entertainment,Standing person seen from directly overhead
high,IMG-VIEW-54,Viewing angle v3,People — single and group viewpoints,One person at three camera heights,image_edit,Micro-drama & entertainment,One person at three camera heights with correct horizon shift
high,IMG-VIEW-56,Viewing angle v3,People — single and group viewpoints,Reverse angle on a group in conversation,image_edit,Micro-drama & entertainment,180° reverse angle on a group
high,IMG-VIEW-58,Viewing angle v3,People — single and group viewpoints,View along the line of a group portrait,image_edit,Micro-drama & entertainment,View along a line of seven with correct occlusion and order
high,IMG-VIEW-59,Viewing angle v3,People — single and group viewpoints,Overhead arrangement of a group portrait,image_edit,Micro-drama & entertainment,Group of seven to overhead with exact headcount and rows
high,IMG-VIEW-38,Viewing angle v3,"People, food & fashion",Raise the camera so every face is visible,image_edit,Micro-drama & entertainment,"Raise camera: seven faces, one-to-one identity, nobody added"
high,IMG-VIEW-24,Viewing angle v3,Product & object rotation,Side profile to a three-quarter pair shot,image_edit,Ecommerce & Retail,"Single shoe to a mirrored pair — a true mirror, not a copy"
high,IMG-VIEW-27,Viewing angle v3,Product & object rotation,Reveal the port edge of a device,image_edit,Ecommerce & Retail,"90° yaw to an unseen port edge, scored against a real photo"
high,IMG-VIEW-06,Viewing angle v3,Scene & interior re-angle,Eye-level room to a high corner angle,image_edit,Ecommerce & Retail,Room re-shot from a raised corner with every item in place
high,IMG-VIEW-07,Viewing angle v3,Scene & interior re-angle,Room photo to a top-down layout view,image_edit,Ecommerce & Retail,Room reprojected to plan view with layout preserved
high,IMG-VIEW-08,Viewing angle v3,Scene & interior re-angle,Street-level building to a drone aerial,image_edit,Ecommerce & Retail,Street-level to 40 m drone view — roof and surroundings invented
high,IMG-VIEW-09,Viewing angle v3,Scene & interior re-angle,Isolate one person from a group at a new angle,image_edit,Micro-drama & entertainment,Extract one person from a group and re-angle them
high,IMG-VIEW-10,Viewing angle v3,Scene & interior re-angle,Pull the camera back to a wider view,image_edit,Ecommerce & Retail,"Real dolly-back with changed perspective, not a zoom-out"
high,IMG-VIEW-29,Viewing angle v3,Scene & interior re-angle,Kitchen seen from the opposite corner,image_edit,Ecommerce & Retail,Kitchen re-shot from the opposite corner
high,IMG-VIEW-31,Viewing angle v3,Scene & interior re-angle,Front of a building to its side elevation,image_edit,Ecommerce & Retail,Building front to its unseen side elevation
high,IMG-VIEW-33,Viewing angle v3,Scene & interior re-angle,Angled shelf to a straight-on planogram elevation,image_edit,Ecommerce & Retail,Shelf rectification with every product order kept and labels legible
high,IMG-VIEW-16,Viewing angle v3,Technical & corrective,Flat screenshot to an angled device mockup,image_edit,Ads,Flat UI onto an angled phone with every string legible
high,IMG-VIEW-17,Viewing angle v3,Technical & corrective,Oblique photo of a document to a flat-on scan,image_edit,Ecommerce & Retail,"Oblique sign to flat scan, glare removed, text exact"
high,IMG-VIEW-18,Viewing angle v3,Technical & corrective,Angled facade to a flat architectural elevation,image_edit,Ecommerce & Retail,Perspective to true orthographic elevation
high,IMG-VIEW-44,Viewing angle v3,Technical & corrective,Angled floor plan rectified to true plan view,image_edit,Ecommerce & Retail,"Floor-plan rectification — labels exact, no line added or lost"
high,IMG-VIEW-46,Viewing angle v3,Technical & corrective,Ultra-wide room to a natural focal length,image_edit,Ecommerce & Retail,"Ultra-wide to 35 mm perspective compression, same scene"
medium,IMG-LE-02,Existing 60 (already run in pairs A/B/C),Localised editing / object removal,Person removal from a group,image_edit,Ecommerce & Retail,Person removal and background reconstruction in a group; ~8.2 flat
medium,IMG-LE-03,Existing 60 (already run in pairs A/B/C),Localised editing / object removal,Colour change on one of several identical items,image_edit,Ecommerce & Retail,Recolour one of four identical items; ~8.7 flat
medium,IMG-LE-04,Existing 60 (already run in pairs A/B/C),Localised editing / object removal,Remove text from a surface,image_edit,Ecommerce & Retail,Text removal with brick-texture reconstruction; ~8.7
medium,IMG-LE-05,Existing 60 (already run in pairs A/B/C),Localised editing / object removal,Remove glare from glass,image_edit,Ecommerce & Retail,"Glare removal without altering artwork; GPT-low invalid, Lite 7.4"
medium,IMG-LE-06,Existing 60 (already run in pairs A/B/C),Localised editing / object removal,Object swap preserving lighting,image_edit,Ecommerce & Retail,Object swap keeping shadows and reflections; ~8.1 flat
medium,IMG-BRAND-03,Existing 60 (already run in pairs A/B/C),Product & brand imagery,Brand colour tolerance,image_edit,Ecommerce & Retail,Exact hex background; Gemini arms 8.3-8.7 in every pair
medium,IMG-BRAND-06,Existing 60 (already run in pairs A/B/C),Product & brand imagery,Reflective surface handling,image_edit,Ecommerce & Retail,Label legibility through reflections; Lite 8.5
medium,IMG-BRAND-08,Existing 60 (already run in pairs A/B/C),Product & brand imagery,Scale reference with a hand,image_edit,Ecommerce & Retail,Hand anatomy plus product proportions; ~8 across tiers
medium,IMG-STY-04,Existing 60 (already run in pairs A/B/C),Style transfer,Style consistency across a set,image_edit,Gaming,One style across four input photos
medium,IMG-STY-08,Existing 60 (already run in pairs A/B/C),Style transfer,Partial stylisation,image_edit,Gaming,"Partial stylisation with the subject untouched; Pro 6.8, Flash 8.1"
medium,IMG-STY-10,Existing 60 (already run in pairs A/B/C),Style transfer,Style transfer with brand lock,image_edit,Gaming,Style change under an exact hex lock; 9.6 flat
medium,IMG-TXT-02,Existing 60 (already run in pairs A/B/C),"Text, typography, infographics",Small-type packaging,text_to_image,Ecommerce & Retail,Small-type exact string; Lite 7.0
medium,IMG-TXT-05,Existing 60 (already run in pairs A/B/C),"Text, typography, infographics",Bilingual signage,text_to_image,Ads,Devanagari rendering alongside English; GPT-high 8.5
medium,IMG-TXT-08,Existing 60 (already run in pairs A/B/C),"Text, typography, infographics",Notes to typeset diagram,image_edit,Ads,"Sketch to typeset diagram, every label and edge kept; Lite 6.5"
medium,IMG-TXT-10,Existing 60 (already run in pairs A/B/C),"Text, typography, infographics",Typo correction in place,image_edit,Ads,In-place typo fix matching font; Pro 7.1
medium,IMG-UI-04,Existing 60 (already run in pairs A/B/C),UI mockups & layout,HTML page to mockup,image_edit,Gaming,Page to image with layout and text exact; GPT-medium 8.0
medium,IMG-GAME-02,Gaming character design v4,Concept & ideation,Operator skin silhouette exploration,text_to_image,Gaming,"Exactly six distinct silhouettes, equal height and spacing"
medium,IMG-GAME-04,Gaming character design v4,Concept & ideation,Mobile low-poly operator under a triangle budget,text_to_image,Gaming,Low-poly look under a hard colour/facet budget
medium,IMG-GAME-07,Gaming character design v4,Concept & ideation,Uniform with a legible name tape and unit patch,text_to_image,Gaming,"Two short strings on curved, creased fabric"
medium,IMG-GAME-24,Gaming character design v4,Concept & ideation,Two-phase armoured boss,text_to_image,Gaming,Two-phase boss with identity carried across the change
medium,IMG-GAME-25,Gaming character design v4,Concept & ideation,Skin concept from a mood-board word list,text_to_image,Gaming,Abstract word brief plus a four-colour palette constraint
medium,IMG-GAME-26,Gaming character design v4,Concept & ideation,Driver designed to match a vehicle livery,text_to_image,Gaming,Character and vehicle livery colour-matched
medium,IMG-GAME-27,Gaming character design v4,Concept & ideation,Squad ranks across three tiers,text_to_image,Gaming,Three ranks sharing one motif with escalating detail
medium,IMG-GAME-29,Gaming character design v4,Concept & ideation,Infected enemy with a silhouette rule,text_to_image,Gaming,Deliberately wrong anatomy under a silhouette rule
medium,IMG-GAME-34,Gaming character design v4,Concept & ideation,Design brief with explicit exclusions,text_to_image,Gaming,"Five inclusions and five exclusions, any exclusion fails"
medium,IMG-GAME-09,Gaming character design v4,Identity & consistency,Lobby expression sheet from one reference,image_edit,Gaming,Six-expression grid from one reference
medium,IMG-GAME-13,Gaming character design v4,Identity & consistency,"Same operator, fifteen years on",image_edit,Gaming,"Age change plus wardrobe change, identity held"
medium,IMG-GAME-36,Gaming character design v4,Identity & consistency,"One operator, three lighting environments",image_edit,Gaming,Three lighting setups with albedo held
medium,IMG-GAME-37,Gaming character design v4,Identity & consistency,Three shot distances of one operator,image_edit,Gaming,"Three shot distances, identity held"
medium,IMG-GAME-39,Gaming character design v4,Identity & consistency,Four-panel kill-cam beat,image_edit,Gaming,"Four-panel sequence, identity and camera distance held"
medium,IMG-GAME-40,Gaming character design v4,Identity & consistency,"Respirator off, face revealed",image_edit,Gaming,Reveal an occluded face sized to the hood opening
medium,IMG-GAME-22,Gaming character design v4,Style & production assets,Lobby portrait crop with a name plate,image_edit,Gaming,"Recompose to square crop plus exact name text, face unchanged"
medium,IMG-GAME-57,Gaming character design v4,Style & production assets,Battle-pass card illustration crop,image_edit,Gaming,Recompose to card format with border and an empty reserved banner
medium,IMG-GAME-59,Gaming character design v4,Style & production assets,Design readability at gameplay scale,image_edit,Gaming,"Camera moved behind and above, figure shrunk to 1/8 height"
medium,IMG-GAME-14,Gaming character design v4,Variants & progression,Loadout tier progression,image_edit,Gaming,Three escalating tiers on one identity
medium,IMG-GAME-17,Gaming character design v4,Variants & progression,Battle-damaged state,image_edit,Gaming,"Additive damage state, base design intact, negative constraint (no blood)"
medium,IMG-GAME-45,Gaming character design v4,Variants & progression,Elite variant of a base enemy,image_edit,Gaming,"Elite variant — amplified, not replaced"
medium,IMG-VIEW-22,Viewing angle v3,Camera angle from scratch,"True isometric projection, no convergence",text_to_image,Gaming,"True isometric with 30° axes, no convergence"
medium,IMG-VIEW-47,Viewing angle v3,Camera angle from scratch,High-angle crowd shot,text_to_image,Ads,Crowd with one consistent elevated camera
medium,IMG-VIEW-48,Viewing angle v3,Camera angle from scratch,Dutch angle at a specified tilt,text_to_image,Micro-drama & entertainment,Dutch angle at a numeric 20°
medium,IMG-VIEW-49,Viewing angle v3,Camera angle from scratch,Two-point perspective street scene,text_to_image,Ads,Strict two-point perspective construction
medium,IMG-VIEW-50,Viewing angle v3,Camera angle from scratch,Telephoto compression versus wide angle,text_to_image,Ads,Telephoto compression rendered convincingly
medium,IMG-VIEW-52,Viewing angle v3,People — single and group viewpoints,Full-length portrait to a strict side profile,image_edit,Micro-drama & entertainment,Standing person to strict side profile
medium,IMG-VIEW-60,Viewing angle v3,People — single and group viewpoints,Full-body person from an extreme low angle,image_edit,Micro-drama & entertainment,Extreme low angle with correct anatomy
medium,IMG-VIEW-11,Viewing angle v3,"People, food & fashion",Forty-five degree food shot to an overhead flat lay,image_edit,Ecommerce & Retail,Food shot to overhead flat lay with arrangement held
medium,IMG-VIEW-12,Viewing angle v3,"People, food & fashion",Front-on garment to the back view,image_edit,Ecommerce & Retail,Back view of a person and garment
medium,IMG-VIEW-36,Viewing angle v3,"People, food & fashion",Straight-on model shot to a three-quarter lifestyle angle,image_edit,Ecommerce & Retail,Person and garment turned 35°
medium,IMG-VIEW-39,Viewing angle v3,"People, food & fashion",Full-body shot to a close garment detail angle,image_edit,Ecommerce & Retail,Close camera move with real fabric detail
medium,IMG-VIEW-05,Viewing angle v3,Product & object rotation,Four-step turntable sheet,image_edit,Ecommerce & Retail,Four-angle turntable of one object
medium,IMG-VIEW-23,Viewing angle v3,Product & object rotation,Show the base of the product,image_edit,Ecommerce & Retail,"Unseen base of an object, no invented markings"
medium,IMG-VIEW-25,Viewing angle v3,Product & object rotation,Front elevation to a three-quarter furniture angle,image_edit,Ecommerce & Retail,"Furniture to three-quarter, rear legs and pattern invented"
medium,IMG-VIEW-26,Viewing angle v3,Product & object rotation,Flat jewellery shot to an angled display view,image_edit,Ecommerce & Retail,Small jewellery re-angled with fine detail
medium,IMG-VIEW-14,Viewing angle v3,Technical & corrective,Correct converging verticals on a building,image_edit,Ecommerce & Retail,Keystone correction with masonry detail held
medium,IMG-VIEW-41,Viewing angle v3,Technical & corrective,Remove fisheye barrel distortion,image_edit,Ecommerce & Retail,"Fisheye to rectilinear, content retained"
medium,IMG-VIEW-43,Viewing angle v3,Technical & corrective,Off-axis artwork to a flat reproduction,image_edit,Ecommerce & Retail,Artwork rectified with no reinterpretation
low,IMG-CHAR-09,Existing 60 (already run in pairs A/B/C),Character & identity,Feature fidelity from reference,image_edit,Micro-drama & entertainment,"New scene, features held; 10 in every arm"
low,IMG-CHAR-10,Existing 60 (already run in pairs A/B/C),Character & identity,Persistent accessory,image_edit,Gaming,Persistent accessory across scenes; Lite 9.6
low,IMG-LE-01,Existing 60 (already run in pairs A/B/C),Localised editing / object removal,Single object removal from clutter,image_edit,Ecommerce & Retail,Single object removal; 9.7
low,IMG-LE-07,Existing 60 (already run in pairs A/B/C),Localised editing / object removal,Thin structure removal,image_edit,Ecommerce & Retail,Thin power-line removal; Lite 9.7
low,IMG-LE-08,Existing 60 (already run in pairs A/B/C),Localised editing / object removal,Expression change only,image_edit,Ecommerce & Retail,Expression change only; Lite 9.6
low,IMG-BRAND-01,Existing 60 (already run in pairs A/B/C),Product & brand imagery,Packshot on seamless white,image_edit,Ecommerce & Retail,Single product on white; 10 in every arm
low,IMG-BRAND-07,Existing 60 (already run in pairs A/B/C),Product & brand imagery,Seasonal campaign variant,image_edit,Ecommerce & Retail,Seasonal background swap; 10 in every arm
low,IMG-BRAND-09,Existing 60 (already run in pairs A/B/C),Product & brand imagery,Colourway variant,image_edit,Ecommerce & Retail,Single colourway change; Lite 9.5
low,IMG-STY-06,Existing 60 (already run in pairs A/B/C),Style transfer,Period style,image_edit,Gaming,Period restyle; 10 in every arm
low,IMG-STY-07,Existing 60 (already run in pairs A/B/C),Style transfer,Style transfer with readable text,image_edit,Gaming,Poster style keeping text; Lite 9.6
low,IMG-STY-09,Existing 60 (already run in pairs A/B/C),Style transfer,Blended styles,image_edit,Gaming,Blended global style; 10 in every arm
low,IMG-TXT-01,Existing 60 (already run in pairs A/B/C),"Text, typography, infographics",Exact headline poster,text_to_image,Ads,Two exact strings on a poster; Lite 9.8
low,IMG-TXT-03,Existing 60 (already run in pairs A/B/C),"Text, typography, infographics",Chart from supplied values,text_to_image,Ads,Bar chart from four values; 10 in every arm
low,IMG-TXT-04,Existing 60 (already run in pairs A/B/C),"Text, typography, infographics",Ordered process diagram,text_to_image,Ads,Five-step diagram; 10 in every arm
low,IMG-TXT-06,Existing 60 (already run in pairs A/B/C),"Text, typography, infographics",Code rendered as an image,text_to_image,Ads,One line of code; Lite 9.1
low,IMG-TXT-07,Existing 60 (already run in pairs A/B/C),"Text, typography, infographics",Multi-section infographic,text_to_image,Ads,Three-section infographic; 10 in every arm
low,IMG-TXT-09,Existing 60 (already run in pairs A/B/C),"Text, typography, infographics",Text on a curved surface,image_edit,Ads,One word on a curved surface; Lite 9.9
low,IMG-UI-02,Existing 60 (already run in pairs A/B/C),UI mockups & layout,Dashboard with named widgets,text_to_image,Gaming,Dashboard with four named widgets; Lite 9.7
low,IMG-UI-03,Existing 60 (already run in pairs A/B/C),UI mockups & layout,Settings page with controls,text_to_image,Gaming,Settings page with three toggles; Lite 9.8
low,IMG-UI-05,Existing 60 (already run in pairs A/B/C),UI mockups & layout,Dark mode variant,image_edit,Gaming,Dark-mode recolour; 10 in every arm
low,IMG-UI-07,Existing 60 (already run in pairs A/B/C),UI mockups & layout,Form with error states,text_to_image,Gaming,Form with one error state; 10
low,IMG-UI-08,Existing 60 (already run in pairs A/B/C),UI mockups & layout,Consistent icon set,text_to_image,Gaming,Six line icons; Lite 10
low,IMG-UI-10,Existing 60 (already run in pairs A/B/C),UI mockups & layout,Slide layout with placeholders,text_to_image,Ads,Slide with placeholders; Lite 10
low,IMG-GAME-01,Gaming character design v4,Concept & ideation,Operator class concept from a design brief,text_to_image,Gaming,Single-figure concept from a descriptive brief
low,IMG-GAME-31,Gaming character design v4,Concept & ideation,Companion pet design for a battle-royale lobby,text_to_image,Gaming,Simple-shape pet illustration
low,IMG-GAME-33,Gaming character design v4,Concept & ideation,Stylised all-ages battle-royale character,text_to_image,Gaming,Single stylised all-ages figure
low,IMG-GAME-20,Gaming character design v4,Style & production assets,Chibi version for a mobile store icon,image_edit,Gaming,Chibi redraw of one figure
low,IMG-GAME-21,Gaming character design v4,Style & production assets,Clean cut-out for a game-ready asset,image_edit,Gaming,Background cutout onto flat magenta (cf. BRAND-10)
low,IMG-GAME-54,Gaming character design v4,Style & production assets,Concept to a stylised 3D render look,image_edit,Gaming,Global 3D-render restyle
low,IMG-GAME-55,Gaming character design v4,Style & production assets,Clean line-art pass,image_edit,Gaming,Line-art conversion (cf. STY-02)
low,IMG-GAME-58,Gaming character design v4,Style & production assets,Store icon that survives downscaling,image_edit,Gaming,Simplified square icon of one subject
low,IMG-GAME-16,Gaming character design v4,Variants & progression,"Class re-skin, same face",image_edit,Gaming,Kit swap with face locked (cf. CHAR-04)
low,IMG-VIEW-19,Viewing angle v3,Camera angle from scratch,Extreme low worm's-eye angle,text_to_image,Ads,Worm's-eye camera from text
low,IMG-VIEW-20,Viewing angle v3,Camera angle from scratch,Directly overhead flat lay,text_to_image,Ads,Overhead flat lay from text
low,IMG-VIEW-21,Viewing angle v3,Camera angle from scratch,Over-the-shoulder framing,text_to_image,Micro-drama & entertainment,Over-the-shoulder framing from text
low,IMG-VIEW-15,Viewing angle v3,Technical & corrective,Level a tilted horizon without cropping the subject,image_edit,Ecommerce & Retail,Level a 7° tilt and fill the corners
medium,IMG-BG-01,Gaming pilot (BGMI/RC24/GTA V),Game-specific — BGMI,"Airdrop crate on open field with red smoke and parachute",text_to_image,Gaming,"Game-specific scenario for BGMI; passes Swap Test (cannot substitute another game)"
high,IMG-BG-02,Gaming pilot (BGMI/RC24/GTA V),Game-specific — BGMI,"Four-player squad lineup with distinct battle-royale loadouts",text_to_image,Gaming,"Game-specific scenario for BGMI; passes Swap Test (cannot substitute another game)"
high,IMG-BG-03,Gaming pilot (BGMI/RC24/GTA V),Game-specific — BGMI,"Season key art with shrinking blue zone over a battle-royale island",text_to_image,Gaming,"Game-specific scenario for BGMI; passes Swap Test (cannot substitute another game)"
medium,IMG-BG-04,Gaming pilot (BGMI/RC24/GTA V),Game-specific — BGMI,"Loot table — helmet, vest, backpack and first-aid kit",text_to_image,Gaming,"Game-specific scenario for BGMI; passes Swap Test (cannot substitute another game)"
low,IMG-BG-05,Gaming pilot (BGMI/RC24/GTA V),Game-specific — BGMI,"Re-skin soldier to desert camo with matching helmet cover",image_edit,Gaming,"Game-specific scenario for BGMI; passes Swap Test (cannot substitute another game)"
medium,IMG-BG-06,Gaming pilot (BGMI/RC24/GTA V),Game-specific — BGMI,"Swap rifle for a cast-iron frying pan",image_edit,Gaming,"Game-specific scenario for BGMI; passes Swap Test (cannot substitute another game)"
high,IMG-BG-07,Gaming pilot (BGMI/RC24/GTA V),Game-specific — BGMI,"Add kill-feed overlay and minimap HUD to a gameplay frame",image_edit,Gaming,"Game-specific scenario for BGMI; passes Swap Test (cannot substitute another game)"
medium,IMG-BG-08,Gaming pilot (BGMI/RC24/GTA V),Game-specific — BGMI,"Battle-pass tier card from a soldier photograph",image_edit,Gaming,"Game-specific scenario for BGMI; passes Swap Test (cannot substitute another game)"
medium,IMG-BG-09,Gaming pilot (BGMI/RC24/GTA V),Game-specific — BGMI,"Vehicle livery swap — military jeep to neon crate-drop livery",image_edit,Gaming,"Game-specific scenario for BGMI; passes Swap Test (cannot substitute another game)"
medium,IMG-BG-10,Gaming pilot (BGMI/RC24/GTA V),Game-specific — BGMI,"Add Winner Winner Chicken Dinner victory banner",image_edit,Gaming,"Game-specific scenario for BGMI; passes Swap Test (cannot substitute another game)"
medium,IMG-GV-01,Gaming pilot (BGMI/RC24/GTA V),Game-specific — GTA V,"Loading screen — suited character with city skyline at dusk",text_to_image,Gaming,"Game-specific scenario for GTA V; passes Swap Test (cannot substitute another game)"
high,IMG-GV-02,Gaming pilot (BGMI/RC24/GTA V),Game-specific — GTA V,"Three-character lineup in open-world crime game art style",text_to_image,Gaming,"Game-specific scenario for GTA V; passes Swap Test (cannot substitute another game)"
medium,IMG-GV-03,Gaming pilot (BGMI/RC24/GTA V),Game-specific — GTA V,"Muscle car on a hillside with city lights below at night",text_to_image,Gaming,"Game-specific scenario for GTA V; passes Swap Test (cannot substitute another game)"
high,IMG-GV-04,Gaming pilot (BGMI/RC24/GTA V),Game-specific — GTA V,"Heist planning board — map, mugshots, getaway route and loot split",text_to_image,Gaming,"Game-specific scenario for GTA V; passes Swap Test (cannot substitute another game)"
medium,IMG-GV-05,Gaming pilot (BGMI/RC24/GTA V),Game-specific — GTA V,"Day street to neon-lit night with sodium lamp pools",image_edit,Gaming,"Game-specific scenario for GTA V; passes Swap Test (cannot substitute another game)"
medium,IMG-GV-06,Gaming pilot (BGMI/RC24/GTA V),Game-specific — GTA V,"Streetwear to tailored charcoal suit, same face",image_edit,Gaming,"Game-specific scenario for GTA V; passes Swap Test (cannot substitute another game)"
high,IMG-GV-07,Gaming pilot (BGMI/RC24/GTA V),Game-specific — GTA V,"Add a WANTED poster with star rating and cash bounty",image_edit,Gaming,"Game-specific scenario for GTA V; passes Swap Test (cannot substitute another game)"
medium,IMG-GV-08,Gaming pilot (BGMI/RC24/GTA V),Game-specific — GTA V,"Muscle car livery swap — stock paint to racing stripes with sponsor decals",image_edit,Gaming,"Game-specific scenario for GTA V; passes Swap Test (cannot substitute another game)"
low,IMG-GV-09,Gaming pilot (BGMI/RC24/GTA V),Game-specific — GTA V,"Convert photograph to GTA loading-screen art style",image_edit,Gaming,"Game-specific scenario for GTA V; passes Swap Test (cannot substitute another game)"
high,IMG-GV-10,Gaming pilot (BGMI/RC24/GTA V),Game-specific — GTA V,"Remove pedestrians and add police helicopter searchlight",image_edit,Gaming,"Game-specific scenario for GTA V; passes Swap Test (cannot substitute another game)"
medium,IMG-RC-01,Gaming pilot (BGMI/RC24/GTA V),Game-specific — Real Cricket 24,"T20 match poster with stadium floodlights and team crests",text_to_image,Gaming,"Game-specific scenario for Real Cricket 24; passes Swap Test (cannot substitute another game)"
high,IMG-RC-02,Gaming pilot (BGMI/RC24/GTA V),Game-specific — Real Cricket 24,"Player stats card with strike rate and batting average",text_to_image,Gaming,"Game-specific scenario for Real Cricket 24; passes Swap Test (cannot substitute another game)"
medium,IMG-RC-03,Gaming pilot (BGMI/RC24/GTA V),Game-specific — Real Cricket 24,"Cricket pitch top-down view with fielding positions marked",text_to_image,Gaming,"Game-specific scenario for Real Cricket 24; passes Swap Test (cannot substitute another game)"
low,IMG-RC-04,Gaming pilot (BGMI/RC24/GTA V),Game-specific — Real Cricket 24,"Victory celebration with confetti and trophy lift",text_to_image,Gaming,"Game-specific scenario for Real Cricket 24; passes Swap Test (cannot substitute another game)"
low,IMG-RC-05,Gaming pilot (BGMI/RC24/GTA V),Game-specific — Real Cricket 24,"Recolour batting kit from white to yellow with dark-green trim",image_edit,Gaming,"Game-specific scenario for Real Cricket 24; passes Swap Test (cannot substitute another game)"
high,IMG-RC-06,Gaming pilot (BGMI/RC24/GTA V),Game-specific — Real Cricket 24,"Add broadcast scoreboard overlay with team, overs and run rate",image_edit,Gaming,"Game-specific scenario for Real Cricket 24; passes Swap Test (cannot substitute another game)"
medium,IMG-RC-07,Gaming pilot (BGMI/RC24/GTA V),Game-specific — Real Cricket 24,"Day match to night match under floodlights",image_edit,Gaming,"Game-specific scenario for Real Cricket 24; passes Swap Test (cannot substitute another game)"
medium,IMG-RC-08,Gaming pilot (BGMI/RC24/GTA V),Game-specific — Real Cricket 24,"Collectible player card with stats frame and rarity border",image_edit,Gaming,"Game-specific scenario for Real Cricket 24; passes Swap Test (cannot substitute another game)"
medium,IMG-RC-09,Gaming pilot (BGMI/RC24/GTA V),Game-specific — Real Cricket 24,"Replace crowd with empty stands for a rain-delay scene",image_edit,Gaming,"Game-specific scenario for Real Cricket 24; passes Swap Test (cannot substitute another game)"
high,IMG-RC-10,Gaming pilot (BGMI/RC24/GTA V),Game-specific — Real Cricket 24,"Bowler delivery freeze with speed readout overlay",image_edit,Gaming,"Game-specific scenario for Real Cricket 24; passes Swap Test (cannot substitute another game)"
